{"v":"5.7.1","fr":29.9700012207031,"ip":0,"op":150.000006109625,"w":1024,"h":1024,"nm":"Comp 1","ddd":0,"assets":[],"layers":[{"ddd":0,"ind":1,"ty":4,"nm":"Shape Layer 10","sr":1,"ks":{"o":{"a":0,"k":100,"ix":11},"r":{"a":0,"k":0,"ix":10},"p":{"a":1,"k":[{"i":{"x":0.549,"y":1},"o":{"x":1,"y":0.02},"t":80,"s":[-310,796,0],"to":[174.333,0,0],"ti":[-174.333,0,0]},{"t":100.000004073084,"s":[736,796,0]}],"ix":2},"a":{"a":0,"k":[0,0,0],"ix":1},"s":{"a":0,"k":[100,100,100],"ix":6}},"ao":0,"shapes":[{"ty":"rc","d":1,"s":{"a":0,"k":[300,60.124],"ix":2},"p":{"a":0,"k":[0,0],"ix":3},"r":{"a":0,"k":609,"ix":4},"nm":"Rectangle Path 1","mn":"ADBE Vector Shape - Rect","hd":false},{"ty":"fl","c":{"a":0,"k":[1,1,1,1],"ix":4},"o":{"a":0,"k":100,"ix":5},"r":1,"bm":0,"nm":"Fill 1","mn":"ADBE Vector Graphic - Fill","hd":false}],"ip":80.0000032584668,"op":197.000008023974,"st":80.0000032584668,"bm":0},{"ddd":0,"ind":2,"ty":4,"nm":"Shape Layer 9","sr":1,"ks":{"o":{"a":0,"k":100,"ix":11},"r":{"a":0,"k":0,"ix":10},"p":{"a":1,"k":[{"i":{"x":0.667,"y":1},"o":{"x":1,"y":0},"t":80,"s":[1254,680,0],"to":[-86.333,0,0],"ti":[86.333,0,0]},{"t":100.000004073084,"s":[736,680,0]}],"ix":2},"a":{"a":0,"k":[0,0,0],"ix":1},"s":{"a":0,"k":[100,100,100],"ix":6}},"ao":0,"shapes":[{"ty":"rc","d":1,"s":{"a":0,"k":[300,60.124],"ix":2},"p":{"a":0,"k":[0,0],"ix":3},"r":{"a":0,"k":609,"ix":4},"nm":"Rectangle Path 1","mn":"ADBE Vector Shape - Rect","hd":false},{"ty":"fl","c":{"a":0,"k":[1,1,1,1],"ix":4},"o":{"a":0,"k":100,"ix":5},"r":1,"bm":0,"nm":"Fill 1","mn":"ADBE Vector Graphic - Fill","hd":false}],"ip":80.0000032584668,"op":197.000008023974,"st":80.0000032584668,"bm":0},{"ddd":0,"ind":3,"ty":4,"nm":"Shape Layer 6","sr":1,"ks":{"o":{"a":1,"k":[{"i":{"x":[0.833],"y":[0.833]},"o":{"x":[0.167],"y":[0.167]},"t":70,"s":[0]},{"t":80.0000032584668,"s":[100]}],"ix":11},"r":{"a":0,"k":-45,"ix":10},"p":{"a":0,"k":[302,740,0],"ix":2},"a":{"a":0,"k":[0,0,0],"ix":1},"s":{"a":1,"k":[{"i":{"x":[0.667,0.667,0.667],"y":[1,1,1]},"o":{"x":[0.333,0.333,0.333],"y":[0,0,0]},"t":70,"s":[1000,1000,100]},{"t":80.0000032584668,"s":[100,100,100]}],"ix":6}},"ao":0,"shapes":[{"ty":"rc","d":1,"s":{"a":0,"k":[300,60.124],"ix":2},"p":{"a":0,"k":[0,0],"ix":3},"r":{"a":0,"k":609,"ix":4},"nm":"Rectangle Path 1","mn":"ADBE Vector Shape - Rect","hd":false},{"ty":"fl","c":{"a":0,"k":[1,1,1,1],"ix":4},"o":{"a":0,"k":100,"ix":5},"r":1,"bm":0,"nm":"Fill 1","mn":"ADBE Vector Graphic - Fill","hd":false}],"ip":70.0000028511585,"op":188.000007657397,"st":70.0000028511585,"bm":0},{"ddd":0,"ind":4,"ty":4,"nm":"Shape Layer 5","sr":1,"ks":{"o":{"a":1,"k":[{"i":{"x":[0.38],"y":[1]},"o":{"x":[1],"y":[0.103]},"t":60,"s":[0]},{"t":70.0000028511585,"s":[100]}],"ix":11},"r":{"a":0,"k":45,"ix":10},"p":{"a":0,"k":[302,740,0],"ix":2},"a":{"a":0,"k":[0,0,0],"ix":1},"s":{"a":1,"k":[{"i":{"x":[0.667,0.667,0.667],"y":[1,1,1]},"o":{"x":[1,1,0.333],"y":[-0.127,-0.127,0]},"t":60,"s":[1000,1000,100]},{"t":70.0000028511585,"s":[100,100,100]}],"ix":6}},"ao":0,"shapes":[{"ty":"rc","d":1,"s":{"a":0,"k":[300,60.124],"ix":2},"p":{"a":0,"k":[0,0],"ix":3},"r":{"a":0,"k":609,"ix":4},"nm":"Rectangle Path 1","mn":"ADBE Vector Shape - Rect","hd":false},{"ty":"fl","c":{"a":0,"k":[1,1,1,1],"ix":4},"o":{"a":0,"k":100,"ix":5},"r":1,"bm":0,"nm":"Fill 1","mn":"ADBE Vector Graphic - Fill","hd":false}],"ip":60.0000024438501,"op":178.000007250089,"st":60.0000024438501,"bm":0},{"ddd":0,"ind":5,"ty":4,"nm":"Shape Layer 4","sr":1,"ks":{"o":{"a":0,"k":100,"ix":11},"r":{"a":0,"k":0,"ix":10},"p":{"a":1,"k":[{"i":{"x":0,"y":1},"o":{"x":0.333,"y":0},"t":40,"s":[1226,298,0],"to":[-82,0,0],"ti":[82,0,0]},{"t":50.0000020365418,"s":[734,298,0]}],"ix":2},"a":{"a":0,"k":[0,0,0],"ix":1},"s":{"a":0,"k":[100,100,100],"ix":6}},"ao":0,"shapes":[{"ty":"rc","d":1,"s":{"a":0,"k":[300,60.124],"ix":2},"p":{"a":0,"k":[0,0],"ix":3},"r":{"a":0,"k":609,"ix":4},"nm":"Rectangle Path 1","mn":"ADBE Vector Shape - Rect","hd":false},{"ty":"fl","c":{"a":0,"k":[1,1,1,1],"ix":4},"o":{"a":0,"k":100,"ix":5},"r":1,"bm":0,"nm":"Fill 1","mn":"ADBE Vector Graphic - Fill","hd":false}],"ip":40.0000016292334,"op":157.000006394741,"st":40.0000016292334,"bm":0},{"ddd":0,"ind":6,"ty":4,"nm":"Shape Layer 3","sr":1,"ks":{"o":{"a":0,"k":100,"ix":11},"r":{"a":0,"k":90,"ix":10},"p":{"a":1,"k":[{"i":{"x":0,"y":1},"o":{"x":0.333,"y":0},"t":40,"s":[302,-174,0],"to":[0,79,0],"ti":[0,-79,0]},{"t":50.0000020365418,"s":[302,300,0]}],"ix":2},"a":{"a":0,"k":[0,0,0],"ix":1},"s":{"a":0,"k":[100,100,100],"ix":6}},"ao":0,"shapes":[{"ty":"rc","d":1,"s":{"a":0,"k":[300,60.124],"ix":2},"p":{"a":0,"k":[0,0],"ix":3},"r":{"a":0,"k":609,"ix":4},"nm":"Rectangle Path 1","mn":"ADBE Vector Shape - Rect","hd":false},{"ty":"fl","c":{"a":0,"k":[1,1,1,1],"ix":4},"o":{"a":0,"k":100,"ix":5},"r":1,"bm":0,"nm":"Fill 1","mn":"ADBE Vector Graphic - Fill","hd":false}],"ip":40.0000016292334,"op":158.000006435472,"st":40.0000016292334,"bm":0},{"ddd":0,"ind":8,"ty":4,"nm":"Shape Layer 2","sr":1,"ks":{"o":{"a":0,"k":100,"ix":11},"r":{"a":0,"k":0,"ix":10},"p":{"a":1,"k":[{"i":{"x":0.667,"y":1},"o":{"x":1,"y":0.013},"t":34,"s":[-186,298,0],"to":[81.333,0,0],"ti":[-81.333,0,0]},{"t":40.0000016292334,"s":[302,298,0]}],"ix":2},"a":{"a":0,"k":[0,0,0],"ix":1},"s":{"a":0,"k":[100,100,100],"ix":6}},"ao":0,"shapes":[{"ty":"rc","d":1,"s":{"a":0,"k":[300,60.124],"ix":2},"p":{"a":0,"k":[0,0],"ix":3},"r":{"a":0,"k":609,"ix":4},"nm":"Rectangle Path 1","mn":"ADBE Vector Shape - Rect","hd":false},{"ty":"fl","c":{"a":0,"k":[1,1,1,1],"ix":4},"o":{"a":0,"k":100,"ix":5},"r":1,"bm":0,"nm":"Fill 1","mn":"ADBE Vector Graphic - Fill","hd":false}],"ip":34.0000013848484,"op":151.000006150356,"st":34.0000013848484,"bm":0},{"ddd":0,"ind":9,"ty":4,"nm":"Shape Layer 1","sr":1,"ks":{"o":{"a":0,"k":100,"ix":11},"r":{"a":1,"k":[{"i":{"x":[0.667],"y":[1]},"o":{"x":[0.167],"y":[0]},"t":-4,"s":[0]},{"i":{"x":[0],"y":[0.954]},"o":{"x":[0.455],"y":[0]},"t":0,"s":[0]},{"i":{"x":[0.353],"y":[-1.652]},"o":{"x":[0.579],"y":[0]},"t":16,"s":[360]},{"i":{"x":[0.491],"y":[1]},"o":{"x":[0.189],"y":[0.13]},"t":20,"s":[360]},{"i":{"x":[0],"y":[1]},"o":{"x":[0.167],"y":[0]},"t":26,"s":[369]},{"i":{"x":[0],"y":[1]},"o":{"x":[0.167],"y":[0]},"t":30,"s":[353]},{"t":36.0000014663101,"s":[360]}],"ix":10},"p":{"a":0,"k":[512,512,0],"ix":2},"a":{"a":0,"k":[0,0,0],"ix":1},"s":{"a":1,"k":[{"i":{"x":[0.667,0.667,0.667],"y":[1,1,1]},"o":{"x":[0.167,0.167,0.167],"y":[0,0,0]},"t":-4,"s":[0,0,100]},{"i":{"x":[0.031,0.031,0.667],"y":[1,1,1]},"o":{"x":[0.333,0.333,0.333],"y":[0,0,0]},"t":0,"s":[0,0,100]},{"t":16.0000006516934,"s":[910,910,100]}],"ix":6}},"ao":0,"shapes":[{"ty":"rc","d":1,"s":{"a":0,"k":[100,100],"ix":2},"p":{"a":0,"k":[0,0],"ix":3},"r":{"a":0,"k":0,"ix":4},"nm":"Rectangle Path 1","mn":"ADBE Vector Shape - Rect","hd":false},{"ty":"rd","nm":"Round Corners 1","r":{"a":0,"k":19,"ix":1},"ix":2,"mn":"ADBE Vector Filter - RC","hd":false},{"ty":"fl","c":{"a":0,"k":[0,0.564705642999,1,1],"ix":4},"o":{"a":0,"k":100,"ix":5},"r":1,"bm":0,"nm":"Fill 1","mn":"ADBE Vector Graphic - Fill","hd":false}],"ip":0,"op":152.000006191087,"st":0,"bm":0}],"markers":[]}